Product Name,Price
Paula's Choice Skin Perfecting 2% BHA Liquid Exfoliant (118ml),36.00€
Sunday Riley C.E.O. 15% Vitamin C Brightening Serum (1 fl. oz.),79.10€
Sunday Riley GOOD GENES Glycolic Acid Treatment 1.7 fl. oz.,140.00€
Elemis Pro-Collagen Cleansing Balm 100g,51.90€
Paula's Choice Skin Perfecting 25% AHA and 2% BHA Exfoliant Peel 30ml,44.00€
Paula's Choice Skin Perfecting 2% BHA Liquid Exfoliant - Trial Size (30ml),12.00€
BYOMA Hydrating Serum 30ml,14.60€
BYOMA Moisturising Gel Cream 50ml,13.50€
Sunday Riley C.E.O. Vitamin C Rich Hydration Cream 50g,67.80€
Sunday Riley A+ High-Dose Retinoid Serum 1 fl. oz.,79.00€
The Ordinary Hyaluronic Acid 2% + B5 Hydration Support Formula 30ml,7.30€
The Ordinary AHA 30% + BHA 2% Peeling Solution 30ml,8.30€
The Ordinary Natural Moisturizing Factors + HA 100ml,10.90€
The Ordinary Alpha Arbutin 2% + HA Concentrated Serum 30ml,10.40€
The INKEY List Oat Cleansing Balm 150ml,12.40€
The Ordinary Hyaluronic Acid 2% + B5 Supersize Serum 60ml,13.00€
The Ordinary 100% Organic Cold-Pressed Rose Hip Seed Oil 30ml,10.20€
The Ordinary Matrixyl 10% + HA High Strength Peptide Formulation 30ml,11.90€
The Ordinary Vitamin C Suspension 23% + HA Spheres 30ml,7.30€
Sunday Riley Pink Drink Firming Resurfacing Essence 1.7 fl. oz.,47.40€
Weleda Skin Food (75ml),15.20€
Versed Dew Point Moisturizing Gel-Cream 2 fl. oz.,16.90€
Caudalie Beauty Elixir 30ml,13.56€
Paula's Choice 10% Azelaic Acid Booster 30ml,39.00€
Medik8 R-Retinoate Intense,242.90€
Dermalogica Skin Smoothing Cream 100ml,15.82€
The Ordinary Natural Moisturising Factors + HA 30ml,6.00€
Aesop Lightweight Facial Hydrating Serum 100ml,55.00€
Caudalie Vinoperfect Complexion Correcting Radiance Serum 30ml,54.20€
Kate Somerville Goat Milk Moisturising Cleanser 120ml,42.90€
REN Clean Skincare Ready Steady Glow Daily AHA Tonic 250ml,31.60€
The Ordinary Marine Hyaluronics 30ml,8.30€
CeraVe PM Facial Moisturising Lotion with Ceramides for Normal to Dry Skin 52ml,14.69€
REN Travel Size Clean Skincare Ready Steady Glow Daily AHA Tonic 100ml,18.00€
Murad Clarifying Water Gel 48ml,44.00€
Weleda Skin Food (30ml),9.30€
CeraVe Hydrating Cleanser 473ml,16.95€
Biossance Squalane and Lactic Acid Resurfacing Serum 30ml,54.20€
Emma Hardie Moringa Cleansing Balm with Professional Cleansing Cloth 100g,53.10€
Paula's Choice C15 Super Booster,56.00€
Sunday Riley GOOD GENES Glycolic Acid Treatment 1 fl. oz.,95.00€
Paula's Choice Resist Barrier Repair Moisturizer with Retinol (50ml),40.00€
Lanolips Tinted SPF30 Balm - Perfect Nude 12.5g,9.00€
Sunday Riley Auto Correct Brightening and Depuffing Eye Contour Cream 0.5 fl. oz.,67.80€
CeraVe AM Facial Moisturising Lotion SPF25 with Ceramides for Normal to Dry Skin 52ml,14.69€
Elemis Pro-Collagen Eye Revive Mask 15ml,64.40€
Alpha-H Liquid Gold Exfoliating Treatment with Glycolic Acid 100ml,45.00€
Caudalie Beauty Elixir 100ml,36.16€
Paula's Choice Resist Anti-Ageing Skin Restoring Moisturizer SPF 50,40.00€
La Roche-Posay Cicaplast Baume Lips 7.5ml,7.91€
FARMACY Honey Halo Ultra-Hydrating Ceramide Moisturizer (Various Options),
Doré La Crème 50 ml,38.00€
CeraVe Moisturising Lotion for Dry to Very Dry Skin 473ml,16.95€
Pai Skincare Rosehip BioRegenerate Oil 30ml,27.10€
Biossance Squalane and Vitamin C Rose Oil 30ml,68.00€
Versed Skin Soak Rich Moisture Cream 43ml,18.60€
Tan-Luxe Super Glow Hyaluronic Self-Tan Serum 30ml,40.60€
CeraVe Moisturising Lotion with Ceramides for Dry to Very Dry Skin 236ml,10.74€
Paula's Choice Clinical 20% Niacinamide Treatment (20ml),54.00€
Doré Le Baume 30 ml,12.00€
Murad Vita-C Triple Exfoliating Facial,77.50€
Weleda Skin Food 75ml - Light,14.60€
Sunday Riley JUNO Antioxidant + Superfood Face Oil 35ml,61.02€
Caudalie Grape Water 200ml,13.56€
Weleda Skin Food Lip Butter 8ml,7.80€
Sunday Riley C.E.O. Glow Vitamin C + Turmeric Face Oil 15ml,38.42€
Murad Intense Recovery Cream 50ml,86.00€
Sunday Riley Juno Essential Face Oil 0.5oz,30.50€
Sunday Riley Ceramic Slip Cleanser,31.60€
Paula's Choice Resist Advanced Smoothing Treatment 10% AHA 30ml,33.00€
Kate Somerville ExfoliKate Cleanser Daily Foaming Wash 120ml,42.90€
Sunday Riley A+ High-Dose Retinoid Serum 1.7 oz,122.00€
FOREO Call it a Night UFO/UFO Mini Nourishing and Revitalising Face Mask (7 Pack),23.70€
REN Clean Skincare Evercalm Ultra Comforting Rescue Mask 50ml,27.75€
Sunday Riley U.F.O. Ultra-Clarifying Face Oil 0.5oz,39.00€
Sunday Riley C.E.O. Glow Vitamin C + Turmeric Face Oil 35ml,78.00€
REN Clean Skincare Radiance Brightening Dark Circle Eye Cream 15ml,50.00€
CeraVe Moisturising Cream 177ml,10.17€
Paula's Choice Resist Intensive Repair Cream (50ml),40.00€
Dr.Jart+ Ceramidin Cream Mist,23.70€
The Ordinary 100% Organic Cold-Pressed Argan Oil 30ml,7.10€
By Terry Cellularose CC Serum 30ml (Various Shades),68.90€
BYOMA Moisturising Rich Cream 50ml,15.80€
Sol de Janeiro Bom Dia Bright Cream 240ml,51.90€
Dr.Jart+ Ceramidin Cream Mist 50ml,16.90€
Paula's Choice Skin Perfecting 2% BHA Gel Exfoliant (100ml),36.00€
Versed Photos Please Brightening Tightening Mask 45ml,10.70€
Caudalie Vinosource-Hydra SOS Thirst-Quenching Serum 30ml,33.90€
Wander Beauty Baggage Claim Eye Masks (Pack of 6) - Gold,30.00€
La Roche-Posay Redermic [R] Retinol Eye Cream 15ml,30.51€
Paula's Choice Clinical 0.3% Retinol and 2% Bakuchiol Treatment 30ml,61.00€
Sunday Riley ICE Ceramide Moisturizing Cream 1.7 oz,67.80€
Slip Silk Pillowcase - Queen (Various Colours),
Caudalie SOS Intense Moisturizing Cream 50ml,30.51€
Sunday Riley U.F.O. Ultra-Clarifying Face Oil 1.2oz,78.00€
The Ordinary 100% Organic Virgin Chia Seed Oil,8.00€
Dermalogica Daily Microfoliant (74g),62.15€
Caudalie Vinoclean Moisturising Toner 100ml,10.17€
Dr.Jart+ Ceramidin Liquid,30.50€
LANEIGE Water Bank Blue Hyaluronic Cream Moisturizer 50ml,37.29€
Murad Vita-C Glycolic Brightening Serum 30ml,83.60€
Pai Skincare Middlemist Seven Camellia and Rose Gentle Cream Cleanser 150ml,38.40€
Lanolips 101 Ointment Multi-Balm - Coconutter 10g,9.00€
Biossance Squalane and Glycolic Renewal Mask 75ml,30.75€
Peter Thomas Roth Instant FirmX Eye,36.16€
Herbivore Pink Cloud Creamy Jelly Cleanser 100ml,24.80€
Paula's Choice Omega+ Complex Serum (30ml),40.00€
Tan-Luxe The Face Illuminating Self-Tan Drops 30ml - Light/Medium,40.60€
REN Clean Skincare - Evercalm Overnight Recovery Balm 30ml,50.80€
Lanolips 101 Ointment Multi-Balm - Peach 10g,10.50€
Caudalie Vinoclean Cleansing Almond Milk 100ml,10.10€
Paula's Choice Defense Essential Glow Moisturizer SPF 30,36.00€
Paula's Choice Water Infusing Electrolyte Moisturizer 50ml,38.00€
Kopari Beauty 100% Organic Coconut Melt,21.00€
The Nue Co. Barrier Culture Cleanser 120 ml.,36.10€
PIXI Makeup Fixing Mist 80ml,18.00€
Tan-Luxe The Face Illuminating Self-Tan Drops 30ml - Medium/Dark,40.60€
Tan-Luxe The Water Hydrating Self-Tan Water 200ml - Medium,38.40€
Murad Retinol Youth Renewal Night Cream 50ml,79.10€
Paula's Choice Clinical Discoloration Repair Serum (30ml),52.00€
REN Clean Skincare Keep Young and Beautiful Firm and Lift Eye Cream 15ml,38.00€
Paula's Choice Clinical Discoloration Repair Serum (30ml),52.00€
Kate Somerville KateCeuticals Lifting Eye Cream 15ml,125.00€
Allies of Skin Mandelic Pigmentation Corrector Night Serum 30ml,99.00€
Sarah Chapman Skinesis Ultimate Cleanse 100ml,61.00€
The Nue Co. Barrier Culture Moisturizer 50 ml.,51.90€
OSKIA Bedtime Beauty Boost (50ml),101.70€
La Roche-Posay Toleriane Dermo-Cleanser 200ml,14.69€
BeautyStat Universal C Eye Perfector 0.5 oz,44.10€
Dr.Jart+ Cicapair Tiger Grass Calming Gel Cream,33.90€
Versed Wash It Out Gel Cleanser 190ml,13.50€
Sarah Chapman Skinesis Overnight Facial (15ml),70.00€
LANEIGE Water Bank Blue Hyaluronic Gel Moisturizer 50ml,37.29€
Herbivore Phoenix Rose Hip and Sea Buckthorn Deep Renewal Facial Oil 8ml,27.12€
Dermalogica Multi-Active Toner 250ml,39.55€
Murad Rapid Dark Spot Correcting Serum 30ml,84.70€
Wander Beauty Baggage Claim Eye Masks (Pack of 6) - Rose Gold,30.00€
Jordan Samuel Skin Moisture Recovery Cream 50ml,33.90€
Dermalogica Precleanse (150ml),44.07€
La Roche-Posay Toleriane Sensitive Rich Moisturiser 40ml,18.65€
Versed Vacation Eyes Brightening Eye Gel 15ml,21.00€
Patchology FlashPatch Illuminating Eye Gels,16.10€
Nurse Jamie Instant UpLift 1 piece,62.10€
Allies of Skin Molecular Silk Amino Hydrating Cleanser 100ml,45.00€
AMELIORATE Resurfacing Facial Cleanser 200ml,22.60€
Murad Vita-C Glycolic Brightening Serum Travel Size 0.33 fl oz.,83.60€
Caudalie Vinoclean Instant Foaming Cleanser 150ml,18.08€
Medik8 Ultimate Recovery 30ml,44.00€
Paula's Choice Skin Perfecting 2% BHA Lotion Exfoliant (100ml),36.00€
Aesop Camellia Nut Facial Hydrating Cream 120ml,62.10€
Kate Somerville Peptide K8 Cream 30ml,149.10€
Caudalie Vinoclean Moisturising Toner 200ml,18.08€
Pai Skincare Love and Haight Avocado and Jojoba Hydrating Moisturiser 50ml,42.90€
Dr.Jart+ Ceramidin Serum 40ml,40.60€
Sarah Chapman Skinesis 3D Moisture Infusion (4 x 25ml),56.50€
Kopari Beauty Starry De-Puff Eye Balm with Hyaluronic Acid and Caffeine,25.50€
CeraVe Hydrating Cleanser with Hyaluronic Acid for Normal to Dry Skin 236ml,11.30€
Murad Hydrate Trial Kit,24.15€
NUXE Sun High Protection Fondant Cream for Face SPF 50 (50ml),22.00€
By Terry Baume de Rose Hydrating Sheet Mask 25g,15.80€
Versed Zero-G Smoothing Eye Cream 0.5 fl. oz.,21.00€
Alpha-H Protection Plus Daily SPF50+ 50ml,36.16€
Peter Thomas Roth Rose Stem Cell: Bio-Repair Gel Mask 150ml,54.80€
Jouer Cosmetics Blush Bloom Cheek Lip Duo 0.29 oz.,28.20€
Murad Environmental Shield Essential C Day Moisture SPF 30 50ml,73.40€
Ren Clean Skincare Clarifying Clay Cleanser 150ml,27.12€
Allies of Skin Peptides & Antioxidants Firming Daily Treatment 60ml,122.00€
La Roche-Posay Rosaliac UV Rich 40ml,19.78€
Jouer Cosmetics Essential Lip Enhancer 0.33 fl. oz.,14.60€
La Mer Crème de la Mer Moisturising Cream (Various Sizes),
Kate Somerville KateCeuticals Firming Serum 30ml,106.20€
Kate Somerville KateCeuticals Total Repair Cream 30ml,124.30€
Herbivore Rose Hibiscus Hydrating Mist 120ml,32.00€
Kate Somerville ExfoliKate Glow Moisturiser 50ml,73.40€
Murad Enivronmental Shield Essential C Cleanser 200ml,38.40€
Caudalie Vinosource-Hydra Moisturising Mask 75ml,27.10€
Caudalie Vinoclean Cleansing Almond Milk 200ml,18.08€
Aesop Parsley Seed Anti-Oxidant Toner 200ml,53.10€
VERSO Reviving Eye Mask 3g,10.00€
Sarah Chapman Skinesis Eye Recovery (15ml),63.20€
Allies of Skin Prebiotics and Niacinamide Pore Refining Booster 50ml,73.00€
Lanolips Rose Gold 101 Ointment For Lips + Cheeks 9g,14.60€
Omorovicza Cleansing Foam 150ml,70.00€
PIXI Glow Mist 80ml,18.00€
Elemis Superfood AHA Glow Cleansing Butter 90g,33.90€
Kopari Beauty 100% Organic Coconut Melt Mini,9.66€
Peter Thomas Roth Water Drench Hyaluronic Cloud Cream 50ml,56.40€
Paula's Choice Peptide Booster (20ml),59.00€
Versed Baby Cheeks All-In-One Hydrating Milk 120ml,18.60€
ESPA Tri-Active Resilience Rest and Recovery Night Balm 30g,71.10€
Kate Somerville Liquid ExfoliKate Triple Acid Resurfacing Treatment 120ml,65.50€
AMELIORATE Transforming Body Lotion - Rose 200ml,27.10€
Caudalie Vinosource-Hydra Grape Water Gel Moisturiser 50ml,30.50€
Dermalogica Active Moist 100ml,62.15€
FOREO Make My Day UFO/UFO Mini Anti-Pollution and so Hydrating Face Mask (7 Pack),23.70€
Medik8 Mutiny Lip Balm (15ml),21.40€
Elemis Superfood Facial Wash,31.60€
REN Clean Skincare Micro Polish Cleanser 150ml,28.20€
Aesop Parsley Seed Facial Cleansing Oil 200ml,48.50€
Allies of Skin Multi Nutrient and Dioic Renewing Cream 50ml,112.00€
Elemis Pro-Collagen Hydra-Gel Eye Mask (Pack of 6),61.00€
Dermalogica Dynamic Skin Recovery SPF50 50ml,75.15€
La Roche-Posay Hydraphase Intense Serum (30ml),24.86€
Kate Somerville + Retinol Firming Eye Cream 15ml,85.50€
Herbivore Cloud Jelly Pink Plumping Hydration Serum 30ml,50.80€
Omorovicza Perfecting Lip Balm (10ml),40.60€
Augustinus Bader The Ultimate Soothing Cream 50ml,240.00€
Herbivore Prism 20% AHA and 5% BHA Exfoliating Glow Facial 50ml,59.80€
Pai Skincare Back to Life Jojoba and Hyaluronic Acid Hydration Serum 30ml,49.70€
Alpha-H Beauty Sleep Power Peel 50ml,61.00€
Emma Hardie Midas Touch Revitalising Cream 50ml,49.70€
Allies of Skin Multi Hyaluronic Antioxidant Hydration Serum 30ml,84.00€
Caudalie Vinoperfect Glycolic Peel Mask 75ml,27.10€
Dr Dennis Gross Skincare Hyaluronic Marine Hydration Booster 30ml,76.80€
Herbivore Prism 12% AHA and 3% BHA Exfoliating Glow Serum 30ml,54.20€
La Roche-Posay Hydraphase Intense Eyes 15ml,18.08€
VERSO Deep Hydration Mask Single,16.90€
BeautyStat Universal Pro-Bio Moisture Boost Cream,33.90€
Tan-Luxe The Face Anti-Age Rejuvenating Self-Tan Drops 30ml - Medium/Dark,45.20€
FOREO Manuka Honey UFO/UFO Mini Revitalising Face Mask for Ageing Skin (6 Pack),23.70€
Dermalogica Intensive Moisture Balance 2.0 100ml,76.84€
Emma Hardie Protect and Prime Moisturiser SPF 30 50ml,51.90€
Paula's Choice Omega+ Complex Eye Cream 0.5 fl. oz,36.00€
By Terry Baume de Rose Rose Toner 200ml,31.50€
Pai Skincare Resurrection Girl Hydrating Mask 75ml,49.70€
Lanolips Face Base Vitamin E Day Cream 60ml,22.60€
Omorovicza Refining Facial Polisher 30ml Boxed,24.80€
Perricone MD Cold Plasma Plus Neck and Chest 30ml,88.14€
Caudalie Vinosource Moisturising Sorbet 40ml,27.10€
Allies of Skin Promise Keeper Nightly Blemish Treatment 50ml,135.00€
AMELIORATE Replenishing Facial Cream 75ml,24.80€
Omorovicza Reviving Eye Cream (15ml),101.70€
Omorovicza Magic Moisture Mist 50ml,76.80€
Gallinée Probiotic Hydrating Face Cream 30ml,39.50€
Omorovicza Rejuvenating Night Cream 50ml,146.90€
FARMACY Whipped Greens Oil-Free Foaming Cleanser 150ml,30.00€
BIOEFFECT Imprinting Hydrogel Mask 150g,75.00€
Dermalogica Biolumin C Serum 30ml,96.05€
Perricone MD Cold Plasma Plus+ Advanced Eye Cream,93.79€
Chantecaille Jasmine & Lily Healing Mask 50ml,85.80€
Elemis Superfood Glow Priming Moisturiser 60ml,45.20€
ELEMIS Superfood Blackcurrant Jelly Exfoliator 50ml,31.60€
The Ordinary 100% Organic Cold-Pressed Borage Seed Oil,4.40€
Elemis Pro-Collagen Marine Moisture Essence 100ml,67.80€
Alpha-H Essential Hydration Cream 50ml,39.50€
"Kopari Beauty Moisturizing Lip Glossy with Shea Butter, Coconut Oil and Squalene",14.60€
NUXE Reve De Miel Gel Nettoyant Visage - Facial Cleansing Gel (200ml),18.00€
Dermalogica Ultracalming Barrier Repair 30ml,50.85€
Slip Silk Pillowcase King (Various Colours),118.60€
Susanne Kaufmann Soothing Cleansing Milk 100ml,41.00€
Omorovicza Thermal Cleansing Balm 15ml,24.80€
Susanne Kaufmann Purifying Cleansing Gel 100ml,40.00€
Nurse Jamie Exfoliband Silicone Loofah 1 piece,15.80€
Sarah Chapman Skinesis Dynamic Defence SPF15 Anti-Aging Cream (40ml),70.00€
Elemis Peptide Eye Recovery Cream 15ml,44.00€
Kate Somerville ExfoliKate Intensive Exfoliating Treatment 60ml,88.10€
Dr Dennis Gross Hyaluronic Marine Hydrating Modeling Mask,53.10€
Alpha-H Clear Skin Hydrator Gel 50ml,23.70€
Dermalogica Daily Superfoliant 57g,62.15€
ESPA Optimal Skin Pro-Cleanser 100ml,36.10€
Dermalogica Multivitamin Power Firm 15ml,55.37€
Baxter of California Facial Scrub 120ml,21.40€
Paula's Choice 1% Retinol Booster (15ml),59.00€
Peter Thomas Roth Retinol Eye Care 15ml,59.80€
Elemis Pro-Collagen Energising Marine Cleanser 150ml,49.70€
Codex Beauty Bia Facial Oil,39.55€
Dermalogica Neck Fit Contour Serum 50ml,84.75€
Aesop Parsley Seed Cleansing Masque 60ml,39.50€
Elemis Pro-Collagen Rose Facial Oil 15ml,75.70€
Perricone MD High Potency Classics Hyaluronic Intensive Moisturizer,68.93€
Elemis Pro-Collagen Overnight Matrix 50ml,171.70€
Shiseido BioPerformance Advanced Super Revitalizing Cream (50ml),99.40€
AMELIORATE Intensive Hand Therapy 75ml,18.00€
Dr Dennis Gross Skincare Hyaluronic Marine Meltaway Cleanser 150ml,33.90€
ALGENIST Genius Mini Liquid Collagen 6.2ml,22.60€
Dermalogica Age Smart Multivitamin Power Recovery Masque 75ml,55.37€
OSKIA Perfect Cleanser (125ml),43.00€
111SKIN Meso Infusion Lip Duo,45.20€
Emma Hardie Lift and Sculpt Firming Neck Treatment,73.40€
Omorovicza Moor Cream Cleanser (150ml),70.00€
Murad Age-Balancing Moisture SPF 30 50ml,74.50€
Kate Somerville Dilo Oil Restorative Treatment,65.50€
Emma Hardie Exfoliating Brightening Tonic 100ml,31.60€
Nurse Jamie Beauty Stamp 1 piece,44.00€
Elemis Pro-Collagen Marine Oil 15ml,75.70€
"Patchology Warm Up ""Perfect Ten"" Self-Warming Hand & Cuticle Mask",9.00€
111SKIN Space Anti-Age Day Cream NAC Y2 (50ml),180.80€
Baxter of California Vita Cleansing Bar Citrus and Herb Musk 198g,17.40€
Caudalie Vinosource Overnight Recovery Oil (30ml),33.90€
VERSO Super Facial Oil 1.01 fl. oz,113.00€
La Roche-Posay Cicaplast Gel B5 40ml,16.95€
Peter Thomas Roth 3% Glycolic Acid Cleanser 250ml,41.20€
Peter Thomas Roth Water Drench Hyaluronic Cloud Serum 1oz,70.50€
Slip Silk Sleep Mask (Various Colours),56.50€
Dermalogica Age Smart Super Rich Repair 50g,89.27€
Dermalogica Skin Smoothing Cream 50ml,44.07€
Omorovicza Thermal Cleansing Balm 50ml,70.00€
Dermalogica Powerbright Dark Spot Serum 30ml,100.57€
Peter Thomas Roth Cucumber Gel Mask 150ml,54.20€
BeautyStat Universal Moisture Essence 1 oz,27.60€
Tan-Luxe The Face Anti-Age Rejuvenating Self-Tan Drops 30ml - Light/Medium,45.20€
ESPA Optimal Skin Pro-Serum 30ml,62.10€
Sarah Chapman Skinesis Morning Facial 15ml,70.00€
Peter Thomas Roth Cucumber Gel Mask 150ml,54.20€
Dermalogica Powerbright Dark Spot Serum 30ml,100.57€
Omorovicza Omoressence (100ml),79.10€
Perricone MD No:Rinse Micellar Cleansing Treatment,37.29€
NUXE Rice Oil Extract Ultimate Night Recovery Oil 30ml,32.70€
Herbivore Orchid Camellia and Jasmine Weightless Hydration Facial Oil 50ml,68.00€
Paula's Choice Omega+ Complex Cleansing Balm (104ml),28.00€
AMELIORATE Transforming Facial Serum 30ml,37.20€
ESPA Yuzu & Ginger Cleansing Sorbet 100ml,50.80€
Omorovicza Elemental Emulsion 50ml,107.30€
The Nue Co. Topical - C 0.49 oz.,56.90€
VERSO Eye Cream 20ml,60.00€
Omorovicza Intensive Hydra-Lifting Cream (50ml),155.90€
OSKIA Renaissance 360 Brightening Supreme Cream (40ml),94.00€
VERSO Nourishing Cream 50ml,107.30€
OSKIA Floral Water Toner,70.00€
Perricone MD Cold Plasma Plus+ Sub-D/Neck 2 oz,138.99€
Kate Somerville Age Arrest Anti-Wrinkle Cream,94.90€
Kate Somerville Dermal Quench Liquid Lift + Retinol 75ml,106.20€
FOREO UFO 2 Device for an Accelerated Mask Treatment (Various Shades),
Dermalogica Hydroexfoliant 50ml,62.15€
Elemis Pro-Collagen Renewal Serum 15ml,79.10€
By Terry Hyaluronic Global Face Cream 50ml,72.30€
Omorovicza Silver Skin Lotion 50ml,96.00€
Elemis Superfood Cica Calm Hydration Juice 50ml,45.20€
Susanne Kaufmann Nourishing Night Cream 50ml,74.00€
Omorovicza Complexion Perfector SPF20 Lotion 50ml (Various Shades),
Caudalie Gentle Buffing Cream 75ml,23.70€
Chantecaille Rose De Mai Eye Lift 15ml,141.25€
Augustinus Bader The Ultimate Soothing Cream Refill 50ml,225.00€
Nurse Jamie NuVibe RX Amethyst Massaging Beauty Roller 1 piece,86.50€
Omorovicza Silver Skin Tonic 100ml,66.60€
Sarah Chapman Skinesis Age Repair Serum (30ml),76.80€
Dermalogica Phyto Replenish Oil 30ml,77.97€
FOREO UFO Mini 2 Device for an Accelerated Mask Treatment (Various Shades),134.25€
AMELIORATE Resurfacing Facial Toner,22.60€
AMELIORATE Restorative Facial Mask 75ml,33.90€
Peter Thomas Roth 24K Gold Mask 150ml,82.40€
Slip Reusable Face Covering (Various Colours),
Perricone MD Cold Plasma Plus Serum 30ml,150.29€
Perricone MD No:Rinse Exfoliating Peel,41.81€
Dermalogica Intensive Eye Repair (15ml),62.15€
Circumference Active Restorative Moisturizing Cream,124.30€
AMELIORATE Resurfacing Facial Mask,24.86€
Dermalogica Micro-Pore Mist 118ml,21.47€
VERSO Daily Facial Fluid 1.7oz,94.70€
Elemis Pro-Collagen Eye Renewal 15ml,81.30€
"Chantecaille Magnolia, Jasmine and Lily Healing Emulsion",127.00€
Shiseido Exclusive Vital Perfection LiftDefine Radiance Face Mask (Pack of 6),105.00€
Nurse Jamie FaceWrap 1 piece,28.20€
Nurse Jamie Neck Decollete Wrap 1 piece,22.70€
AMELIORATE Combination Skin Morning Routine Set,56.50€
Omorovicza Cashmere Cleanser 100ml,61.00€
ESPA Tri-Active Regenerating Moisture Complex 55ml,79.10€
Dermalogica Age Smart Renewal Lip Complex 1.75ml,28.25€
Dermalogica Multivitamin Power Serum 22ml,73.45€
Angela Caglia Skincare La Vie en Rose Face Roller 1 piece,52.80€
Kate Somerville Wrinkle Warrior Eye Gel Visible Dark Circle Eraser 10ml,59.00€
Dermalogica Age Smart Renewal Lip Complex 1.75ml,28.25€
Chantecaille CBD 300 Face and Body Cream 50ml,136.00€
Omorovicza Cashmere Cleanser 100ml,61.00€
Omorovicza Rose Lifting Serum (30ml),101.70€
Dermalogica Extreme Moisture Melting Mask,66.67€
Kate Somerville DermalQuench Liquid Lift Advanced Wrinkle Treatment 75ml,106.20€
Dermalogica Intensive Moisture Cleanser 150ml,62.15€
Mama Mio Tummy Rub Oil 120ml,30.51€
Jouer Cosmetics Overnight Conditioning Repairing Lip Mask 0.7 oz.,19.20€
Dermalogica Age Smart Phyto-Nature Firming Serum 40ml,146.90€
Chantecaille Radiance Elixir 30ml,227.00€
Peter Thomas Roth Hungarian Thermal Water Mineral-Rich Moisturzer 50ml,56.50€
AMELIORATE Restorative Facial Mask 75ml,33.90€
AMELIORATE Combination Skin Evening Routine Set,74.58€
ESPA Tri-Active Resilience ProBiome Eye Cream,81.00€
Kora Organics Cream Cleanser 100ml,30.50€
AMELIORATE Transforming Body Lotion 200ml,27.10€
Kate Somerville KateCeuticals Resurfacing Overnight Peel 30ml,85.80€
Susanne Kaufmann Eye Rescue Serum 10ml,98.00€
Omorovicza Illuminating Moisturiser (50ml),107.30€
ESPA Tri-Active Resilience ProBiome Moisturiser,96.00€
Too Faced Hangover Mini Pillow Cream 15ml,16.90€
Shiseido Vital Perfection LiftDefine Radiance Serum 40ml,119.70€
Dermalogica Sound Sleep Cocoon 10ml,21.47€
Tan-Luxe The Gradual Illuminating Tanning Lotion 250ml,28.20€
CeraVe Moisturising Cream 340g,14.69€
Dermalogica Daily Microfoliant 13g,15.82€
Lanolips 101 Dry Skin Super Cream 60ml,8.07€
Dr Dennis Gross Skincare Alpha Beta Extra Strength Daily Peel (Pack of 60),153.68€
Allies of Skin 20% Vitamin C Brighten + Firm Serum 30ml,100.00€
Caudalie Vinoclean Instant Foaming Cleanser 50ml,8.48€
Allies of Skin Molecular Saviour Probiotics Treatment Mist 50ml,66.00€
FOREO Glow Addict UFO/UFO Mini Brightening Face Mask (6 Pack),23.70€
U Beauty The Super Hydrator 1.7 fl oz,146.10€
Allies of Skin Retinal and Peptides Repair Night Cream 50ml,119.00€
CeraVe Moisturising Cream Pot with Ceramides for Dry to Very Dry Skin 454g,18.08€
ESPA The Sleep Experience,36.10€
Susanne Kaufmann Soothing Toner 100ml,38.00€
Emma Hardie Plump and Glow Hydrating Mist 90ml,47.40€
Nurse Jamie BRIGHTENING BAR WITH EXFOLIBRUSH™ SILICONE FACIAL BRUSH 2 oz.,51.90€
Herbivore Rose Hibiscus Hydrating Mist 60ml,15.80€
Peter Thomas Roth Glycolic Acid 10% Moisturizer 63ml,43.50€
Embryolisse Cicalisse SOS Restorative Cream 40ml,10.10€
U Beauty The Super Hydrator 0.5 fl oz,73.40€
Emma Hardie Midas Touch Revitalising Eye Serum 15ml,55.30€
Medik8 Crystal Retinal 10,93.70€
Elemis Dynamic Resurfacing Pads (60 Pads),47.40€
Omorovicza Gold Hydralifting Mask 50ml,175.10€
La Roche-Posay Hyalu B5 Hyaluronic Acid Serum for Dehydrated Skin 30ml,42.94€
NuFACE NuBODY Hydrating Leave-On Gel Primer 10oz,50.80€
By Terry Baume de Rose All-Over Oil 100ml,62.10€
Peter Thomas Roth Hungarian Thermal Water Mineral-Rich Heat Mask 150ml,56.50€
Susanne Kaufmann Hyaluron Serum 30ml,130.00€
Omorovicza Miracle Facial Oil (30ml),101.70€
Dermalogica Overnight Repair Serum 15ml,73.45€
Embryolisse Lait-Crème Concentré Multi-Purpose Moisturiser 75ml,22.60€
FOREO Shimmer Freak UFO Illuminating Eye Mask (6 Pack),23.70€
Medik8 Bakuchiol Peptides 30ml,53.10€
COSRX Oil-Free Ultra Moisturising Lotion with Birch Sap 100ml,30.50€
Susanne Kaufmann Moisturising Mask 50ml,57.00€
Aesop Parsley Seed Anti-Oxidant Eye Serum 15ml,64.40€
Embryolisse Hydra-Mat Emulsion 40ml,28.80€
Dr Dennis Gross Skincare Ferulic + Retinol Wrinkle Recovery Peel,99.40€
Kopari Beauty Coconut Calming Rose Toner with Witch Hazel and Rose Extract,21.40€
PIXI Hydrating Milky Mist 80ml,14.40€
FOREO Shimmer Freak UFO Illuminating Eye Mask (6 Pack),23.70€
Medik8 Bakuchiol Peptides 30ml,53.10€
COSRX Oil-Free Ultra Moisturising Lotion with Birch Sap 100ml,30.50€
Omorovicza Instant Perfection Serum (30ml),108.40€
The Ordinary 100% Organic Virgin Sea-Buckthorn Fruit Oil,15.40€
Herbivore Pink Clay Gentle Soap Bar 113g,14.00€
Wander Beauty Lip Retreat Oil 10ml (Various Shades),23.70€
FOREO Green Tea UFO Purifying Face Mask (6 Pack),23.70€
FOREO H2Overdose UFO/UFO Mini Ultra Hydrating Face Mask for Dry Skin (6 Pack),23.70€
Kate Somerville Kx Active Concentrates BioMimicking Peptides Serum 1 fl. oz.,101.70€
Paula's Choice Omega+ Complex Moisturiser 50ml,38.00€
REN Clean Skincare Rosa Centifolia Cleansing Gel 150ml,28.20€
Baxter of California Oil Free Moisturiser 120ml,27.10€
Peter Thomas Roth Anti-Aging Cleansing Gel 250ml,41.25€
Kate Somerville Dry Skin Saver 4 Oz,54.20€
Angela Caglia Skincare Rose Quartz Sculpting Roller 1 piece,174.00€
Dermalogica Rapid Reveal Peel 10 x 3ml,89.27€
Dermalogica Daily Superfoliant 0.45oz,20.34€
Dermalogica Ultracalming Cleanser 500ml,62.15€
Dermalogica Clear Start Cooling Aqua Jelly 59ml,24.86€
Dermalogica Active Moist Moisturiser 50ml,39.55€
Dermalogica Multi Active Toner 50ml,13.56€
Dermalogica Thermafoliant Body Scrub 177ml,45.20€
Dermalogica Body Hydrating Cream 295ml,32.77€
Embryolisse Protective Repair Stick 0.16 oz,7.80€
La Roche-Posay Toleriane Monodose Make Up Remover (X30),19.21€
Herbivore Orchid Camellia and Jasmine Weightless Hydration Facial Oil 8ml,24.86€
Herbivore Phoenix Rose Hip and Sea Buckthorn Deep Renewal Facial Oil 50ml,88.00€
The Ordinary The Daily Set,18.00€
PIXI Double Cleanse,27.10€
Allies of Skin Peptides Omegas Firming Eye Cream 15 ml.,84.00€
Alpha-H Liquid Gold 24 Hour Moisture Repair Cream 50ml,57.60€
The Ordinary Squalane Cleanser 150ml,20.60€
REN Clean Skincare Radiance Perfection Serum 30ml,45.20€
Dr Dennis Gross C+ Collagen Perfect Skin Set & Refresh Mist,37.20€
Kora Organics Cream Cleanser 100ml,30.50€
La Mer The Renewal Oil (Various Sizes),126.00€
Versed The Fix Emergency Eye Mask 1 fl. oz.,21.00€
Versed Day Dissolve Cleansing Balm 2.3 oz.,14.60€
La Roche-Posay Cicaplast B5 Anti-Bacterial Cleansing Wash 200ml,12.43€
AMELIORATE Transforming Body Lotion 200ml,27.10€
Emma Hardie Moisture Boost Vit + C Cream,55.30€
Emma Hardie Brilliance Facial Oil 30ml,45.20€
Kopari Beauty Coconut Crush Scrub 236ml,36.16€
Elemis Superfood Facial Oil 15ml (New Packaging),51.90€
ELEMIS x Hayley Menzies Skin Wellness Essentials,84.70€
BIOEFFECT EGF Eye Mask Treatment 3ml (Includes 8 Patches),85.00€
Embryolisse Lait-Crème Fluid (500ml),31.64€
Medik8 Surface Radiance Cleanse 150ml,21.40€
OSKIA Rest Day Barrier Repair Balm 50ml,79.00€
Medik8 Hydr8 B5 Intense 30ml,62.10€
Dr Dennis Gross Skincare C+Collagen Biocellulose Brightening Treatment Mask (1 Application),19.20€
Murad AHA/BHA Exfoliating Cleanser Travel Size 2 fl. oz.,14.60€
"The Ordinary ""Buffet"" Multi-Technology Peptide Serum 30ml",17.40€
Medik8 Crystal Retinal 6,70.00€
Dr Dennis Gross Skincare C+Collagen Biocellulose Brightening Treatment Mask (1 Application),19.20€
Baxter of California Face Wash 300ml,20.34€
Baxter of California Super Shape Skin Recharge Cream 50ml,36.90€
Embryolisse Hydra-Mask 60ml,24.80€
COSRX Ultimate Nourishing Rice Overnight Spa Mask 60ml,27.00€
Elemis TFM Daily Moisture Boost 50ml,40.60€
Medik8 C-Tetra Luxe 30ml,66.60€
COSRX AHA 7 Whitehead Power Liquid 100ml,24.80€
La Roche-Posay Nutritic Intense Rich 50ml,20.34€
Dr Dennis Gross Skincare C+Collagen Brighten,89.20€
Dr Dennis Gross Skincare C+Collagen Deep Cream 50ml,87.00€
Omorovicza Gold Eye Lift (15ml),180.80€
